Name,Address,Gender,Designation,Age
Larry T. Williamson,1424 Andell Road Brentwood TN 37027,Male,Teaching assistant,30
Lauren M. Reynolds,4798 Echo Lane Kentwood MI 49512,Female,Internet developer,22
Joseph L. Judge,3717 Junkins Avenue Moultrie GA 31768,Male,Refrigeration mechanic,35
Eric C. Lavelle,1120 Whitetail Lane Dallas TX 75207,Male,Model,21
Cheryl T. Smithers,1203 Abia Martin Drive Commack NY 11725,Female,Personal banker,23
Tonia Diaz,4724 Rocky Road Philadelphia PA 19107,Female,Facilitator,29
Stephanie P. Lederman,2117 Larry Street Waukesha WI 53186,Female,Mental health aide,27
Edward F. Sanchez,2313 Elliott Street Manchester NH 03101,Male,Marine oilerp,28
Peter Parker,403 Snyder Avenue Charlotte NC 28208,Male,Programmer,28
John Smith,384 Flynn Street Strongsville OH 44136,Male,Web Developer,25
Mark Boucher,256 Olive Street NY,Male,Techbical Assistance,23
